{"longNoteTrack":{"longTracks":{"LongII":[50.0,51.0,51.5,52.5,52.5,53.0,53.5,54.0,54.0,55.0,55.5,56.5,56.5,57.0,57.5,58.0,58.0,59.0,59.5,60.5,60.5,61.0,61.25,62.0,62.0,63.0,63.5,64.5,64.5,66.0,66.0,67.5,67.5,68.5,68.5,69.5,69.5,70.0,70.0,71.0,71.5,72.5,72.5,73.5,73.5,74.0,74.0,75.5,75.5,76.5,76.5,77.0,77.25,78.0,78.0,79.0,79.5,80.5,80.5,82.0,142.0,143.0,143.5,144.5,144.5,145.5,145.5,146.0,146.0,147.5,147.5,148.5,148.5,149.0,149.333328,150.0,150.0,151.0,151.5,152.5,152.5,153.25,153.25,154.0,154.0,155.5,155.5,156.5,156.5,157.0,157.5,158.0,158.0,159.0,159.5,160.5,160.5,161.5,161.5,162.0,162.0,163.5,163.5,164.5,164.5,165.0,165.333328,166.0,166.0,167.0,167.5,168.5,168.5,169.25,169.25,170.0,186.0,187.0,187.5,188.5,188.5,189.0,189.5,190.0,190.0,191.0,191.5,192.5,192.5,193.0,193.5,194.0,194.0,195.0,195.5,196.5,196.5,197.0,197.25,198.0,198.0,199.0,199.5,200.5,200.5,202.0,202.0,203.5,203.5,204.5,204.5,205.5,205.5,206.0,206.0,207.0,207.5,208.5,208.5,209.5,209.5,210.0,210.0,211.5,211.5,212.5,212.5,213.0,213.25,214.0,214.0,215.0,215.5,216.5,216.5,218.0],"LongI":[2.0,6.0,6.0,10.0,10.0,14.0,14.0,18.0,18.0,22.0,22.0,26.0,26.0,30.0,30.0,34.0,34.0,38.0,38.0,42.0,42.0,46.0,82.0,86.0,86.0,90.0,90.0,94.0,94.0,98.0,106.0,110.0,110.0,114.0,114.0,118.0,118.0,122.0,122.0,126.0,138.0,140.0]}},"shortNoteTrack":{"shortTracks":{"ShortIV":[50.0,51.5,52.5,53.5,54.0,55.5,56.25,56.5,57.5,58.0,59.5,60.5,61.25,61.5,62.0,63.5,64.5,65.25,65.5,66.0,67.5,68.5,69.5,70.0,71.5,72.25,72.5,73.5,74.0,75.5,76.5,77.25,77.5,78.0,79.5,80.5,81.25,81.5,82.0,142.0,143.5,144.25,144.5,145.5,146.0,147.5,148.5,149.25,149.5,150.0,151.5,152.5,153.25,153.5,154.0,155.5,156.5,157.5,158.0,158.75,159.5,160.25,160.5,161.5,162.0,163.5,164.5,165.25,165.5,166.0,167.5,168.5,169.25,169.5,186.0,187.5,188.5,189.5,190.0,191.5,192.25,192.5,193.5,194.0,195.5,196.5,197.25,197.5,198.0,199.5,200.5,201.25,201.5,202.0,203.5,204.5,205.5,206.0,207.5,208.25,208.5,209.5,210.0,211.5,212.5,213.25,213.5,214.0,215.5,216.5,217.25,217.5],"ShortIII":[2.0,5.041667,6.0,9.0,10.0,13.0,14.0,17.0,18.0,21.0,22.0,25.0,26.0,29.0,30.0,33.0,34.0,37.0,38.0,41.0,42.0,42.5,43.0,43.5,44.0,44.5,45.0,45.5,46.0,46.25,46.5,46.75,47.0,47.25,47.5,47.75,50.0,50.5,50.6666679,50.8333321,51.0,51.5,51.6666679,51.8333321,52.0,52.5,52.6666679,52.8333321,53.0,53.3333321,53.6666679,54.0,54.5,54.6666679,54.8333321,55.0,55.5,55.6666679,55.8333321,56.0,56.5,56.6666679,56.8333321,57.0,57.3333321,57.6666679,58.0,58.5,58.6666679,58.8333321,59.0,59.5,59.6666679,59.8333321,60.0,60.5,60.6666679,60.8333321,61.0,61.3333321,61.6666679,62.0,62.5,62.6666679,62.8333321,63.0,63.5,63.6666679,63.8333321,64.0,64.5,64.66667,64.83333,65.0,65.33333,65.66667,66.0,66.5,66.66667,66.83333,67.0,67.5,67.6666641,67.8333359,68.0,68.5,68.6666641,68.8333359,69.0,69.3333359,69.6666641,70.0,70.5,70.6666641,70.8333359,71.0,71.5,71.6666641,71.8333359,72.0,72.5,72.6666641,72.8333359,73.0,73.3333359,73.6666641,74.0,74.5,74.6666641,74.8333359,75.0,75.5,75.6666641,75.8333359,76.0,76.5,76.6666641,76.8333359,77.0,77.3333359,77.6666641,78.0,78.5,78.6666641,78.8333359,79.0,79.5,79.6666641,79.8333359,80.0,80.5,80.6666641,80.8333359,81.0,81.3333359,81.6666641,90.0,93.0416641,94.0,97.0,98.0,101.0,102.0,105.0,106.0,109.0,110.0,113.0,114.0,117.0,118.0,121.0,122.0,125.0,126.0,129.0,130.0,130.5,131.0,131.5,132.0,132.5,133.0,133.5,134.0,134.25,134.5,134.75,135.0,135.25,135.5,135.75,142.0,142.5,142.666672,142.833328,143.0,143.5,143.666672,143.833328,144.0,144.5,144.666672,144.833328,145.0,145.333328,145.666672,146.0,146.5,146.666672,146.833328,147.0,147.5,147.666672,147.833328,148.0,148.5,148.666672,148.833328,149.0,149.333328,149.666672,150.0,150.5,150.666672,150.833328,151.0,151.5,151.666672,151.833328,152.0,152.5,152.666672,152.833328,153.0,153.333328,153.666672,154.0,154.5,154.666672,154.833328,155.0,155.5,155.666672,155.833328,156.0,156.5,156.666672,156.833328,157.0,157.333328,157.666672,158.0,158.5,158.666672,158.833328,159.0,159.5,159.666672,159.833328,160.0,160.5,160.666672,160.833328,161.0,161.333328,161.666672,162.0,162.5,162.666672,162.833328,163.0,163.5,163.666672,163.833328,164.0,164.5,164.666672,164.833328,165.0,165.333328,165.666672,166.0,166.5,166.666672,166.833328,167.0,167.5,167.666672,167.833328,168.0,168.5,168.666672,168.833328,169.0,169.333328,169.666672,170.0,173.041656,174.0,177.0,178.0,181.0,182.0,185.0,186.0,186.5,186.666672,186.833328,187.0,187.5,187.666672,187.833328,188.0,188.5,188.666672,188.833328,189.0,189.333328,189.666672,190.0,190.5,190.666672,190.833328,191.0,191.5,191.666672,191.833328,192.0,192.5,192.666672,192.833328,193.0,193.333328,193.666672,194.0,194.5,194.666672,194.833328,195.0,195.5,195.666672,195.833328,196.0,196.5,196.666672,196.833328,197.0,197.333328,197.666672,198.0,198.5,198.666672,198.833328,199.0,199.5,199.666672,199.833328,200.0,200.5,200.666672,200.833328,201.0,201.333328,201.666672,202.0,202.5,202.666672,202.833328,203.0,203.5,203.666672,203.833328,204.0,204.5,204.666672,204.833328,205.0,205.333328,205.666672,206.0,206.5,206.666672,206.833328,207.0,207.5,207.666672,207.833328,208.0,208.5,208.666672,208.833328,209.0,209.333328,209.666672,210.0,210.5,210.666672,210.833328,211.0,211.5,211.666672,211.833328,212.0,212.5,212.666672,212.833328,213.0,213.333328,213.666672,214.0,214.5,214.666672,214.833328,215.0,215.5,215.666672,215.833328,216.0,216.5,216.666672,216.833328,217.0,217.333328,217.666672],"ShortII":[2.0,3.5,4.5,5.0,5.25,5.5,6.0,7.5,8.0,8.5,9.0,10.0,11.5,12.25,12.5,13.0,13.5,14.0,15.5,16.0,16.5,17.0,17.3333321,17.6666679,18.0,19.5,20.5,21.0,21.25,21.5,22.0,23.5,24.5,25.0,26.0,27.5,28.25,28.5,29.0,29.5,30.0,31.5,32.5,33.0,33.25,33.5,34.0,34.5,34.75,35.0,35.5,36.25,36.5,37.0,37.3333321,37.6666679,38.0,38.75,39.0,39.5,40.25,40.5,40.75,41.0,41.3333321,41.6666679,41.8333321,42.0,42.25,42.75,43.25,43.75,44.25,44.75,45.25,45.75,46.0,46.125,46.25,46.375,46.5,46.625,46.75,46.875,47.0,47.125,47.25,47.375,47.5,47.625,47.75,47.875,48.0,48.5,49.0,51.0,53.0,55.0,57.0,59.0,61.0,63.0,65.0,67.0,69.0,71.0,73.0,75.0,77.0,79.0,81.0,106.0,107.5,108.5,109.0,109.25,109.5,110.0,111.5,112.25,112.5,113.0,113.5,114.0,115.5,116.5,117.0,117.25,117.5,118.0,119.5,120.5,121.0,121.25,121.5,122.0,122.75,123.0,123.5,124.239586,124.364586,124.5,125.0,125.5,126.0,126.75,127.0,127.5,128.5,129.0,129.25,129.5,130.0,130.5,131.0,131.5,132.125,132.5,133.0,133.5,134.0,134.25,134.5,134.75,135.0,135.25,135.5,135.75,136.0,136.333328,136.624985,136.791656,137.0,137.291656,137.583328,137.75,140.0,140.25,140.333328,140.5,140.666672,140.833328,141.0,141.333328,141.666672,141.833328,143.0,145.0,147.0,149.0,151.0,153.0,155.0,157.0,159.0,161.0,163.0,165.0,167.0,169.0,184.0,184.5,185.0,187.0,189.0,191.0,193.0,195.0,197.0,199.0,201.0,203.0,205.0,207.0,209.0,211.0,213.0,215.0,217.0],